{
  "GET /posts" : {
    "transaction" : "GET /posts",
    "sampleCount" : 100,
    "errorCount" : 0,
    "errorPct" : 0.0,
    "meanResTime" : 67.96000000000004,
    "medianResTime" : 53.0,
    "minResTime" : 39.0,
    "maxResTime" : 462.0,
    "pct1ResTime" : 69.70000000000002,
    "pct2ResTime" : 161.14999999999912,
    "pct3ResTime" : 461.99,
    "throughput" : 10.15228426395939,
    "receivedKBytesPerSec" : 284.9446779822335,
    "sentKBytesPerSec" : 1.338435913705584
  },
  "Total" : {
    "transaction" : "Total",
    "sampleCount" : 100,
    "errorCount" : 0,
    "errorPct" : 0.0,
    "meanResTime" : 67.96000000000004,
    "medianResTime" : 53.0,
    "minResTime" : 39.0,
    "maxResTime" : 462.0,
    "pct1ResTime" : 69.70000000000002,
    "pct2ResTime" : 161.14999999999912,
    "pct3ResTime" : 461.99,
    "throughput" : 10.15228426395939,
    "receivedKBytesPerSec" : 284.9446779822335,
    "sentKBytesPerSec" : 1.338435913705584
  }
}